dist,algo,impl,dtype,N,threads,ms,s_per_elem,ns_per_elem,mels_per_s,bytes,GB,GBps,sorted,match_ref,error
all_equal,radix,seq,uint64,100000000,8,8666.45,8.66645e-08,86.6645,11.5387,8e+08,0.8,0.09231,true,true,"none"
all_equal,radix,omp,uint64,100000000,8,1638.67,1.63867e-08,16.3867,61.025,8e+08,0.8,0.4882,true,true,"none"
all_equal,counting,seq,uint64,100000000,8,2599.45,2.59945e-08,25.9945,38.4696,8e+08,0.8,0.307757,true,true,"none"
all_equal,counting,omp,uint64,100000000,8,2315.2,2.3152e-08,23.152,43.1929,8e+08,0.8,0.345543,true,true,"none"
all_equal,bucket,seq,uint64,100000000,8,1263.42,1.26342e-08,12.6342,79.1505,8e+08,0.8,0.633204,true,true,"none"
all_equal,bucket,omp,uint64,100000000,8,1264.27,1.26427e-08,12.6427,79.0972,8e+08,0.8,0.632777,true,true,"none"
all_equal,pigeonhole,seq,uint64,100000000,8,4778.07,4.77807e-08,47.7807,20.929,8e+08,0.8,0.167432,true,true,"none"
all_equal,pigeonhole,omp,uint64,100000000,8,4429.87,4.42987e-08,44.2987,22.574,8e+08,0.8,0.180592,true,true,"none"
all_equal,bitonic,seq,uint64,100000000,8,199046,1.99046e-06,1990.46,0.502396,8e+08,0.8,0.00401917,true,true,"none"
all_equal,bitonic,omp,uint64,100000000,8,34733.2,3.47332e-07,347.332,2.87909,8e+08,0.8,0.0230327,true,true,"none"
all_equal,radix,seq,uint64,10000000,8,862.089,8.62089e-08,86.2089,11.5997,8e+07,0.08,0.0927979,true,true,"none"
all_equal,radix,omp,uint64,10000000,8,169.174,1.69174e-08,16.9174,59.1108,8e+07,0.08,0.472886,true,true,"none"
all_equal,counting,seq,uint64,10000000,8,260.507,2.60507e-08,26.0507,38.3866,8e+07,0.08,0.307093,true,true,"none"
all_equal,counting,omp,uint64,10000000,8,237.153,2.37153e-08,23.7153,42.1669,8e+07,0.08,0.337335,true,true,"none"
all_equal,bucket,seq,uint64,10000000,8,125.752,1.25752e-08,12.5752,79.5216,8e+07,0.08,0.636173,true,true,"none"
all_equal,bucket,omp,uint64,10000000,8,125.883,1.25883e-08,12.5883,79.4388,8e+07,0.08,0.63551,true,true,"none"
all_equal,pigeonhole,seq,uint64,10000000,8,483.877,4.83877e-08,48.3877,20.6664,8e+07,0.08,0.165331,true,true,"none"
all_equal,pigeonhole,omp,uint64,10000000,8,451.467,4.51467e-08,45.1467,22.15,8e+07,0.08,0.1772,true,true,"none"
all_equal,bitonic,seq,uint64,10000000,8,19344.7,1.93447e-06,1934.47,0.516938,8e+07,0.08,0.0041355,true,true,"none"
all_equal,bitonic,omp,uint64,10000000,8,3504.34,3.50434e-07,350.434,2.8536,8e+07,0.08,0.0228288,true,true,"none"
all_equal,radix,seq,uint64,1000000,8,83.0034,8.30034e-08,83.0034,12.0477,8e+06,0.008,0.0963816,true,true,"none"
all_equal,radix,omp,uint64,1000000,8,15.3634,1.53634e-08,15.3634,65.0899,8e+06,0.008,0.520719,true,true,"none"
all_equal,counting,seq,uint64,1000000,8,25.7104,2.57104e-08,25.7104,38.8947,8e+06,0.008,0.311158,true,true,"none"
all_equal,counting,omp,uint64,1000000,8,25.2079,2.52079e-08,25.2079,39.67,8e+06,0.008,0.31736,true,true,"none"
all_equal,bucket,seq,uint64,1000000,8,12.6606,1.26606e-08,12.6606,78.985,8e+06,0.008,0.63188,true,true,"none"
all_equal,bucket,omp,uint64,1000000,8,12.6053,1.26053e-08,12.6053,79.3314,8e+06,0.008,0.634651,true,true,"none"
all_equal,pigeonhole,seq,uint64,1000000,8,46.984,4.6984e-08,46.984,21.2838,8e+06,0.008,0.170271,true,true,"none"
all_equal,pigeonhole,omp,uint64,1000000,8,44.1289,4.41289e-08,44.1289,22.6609,8e+06,0.008,0.181287,true,true,"none"
all_equal,bitonic,seq,uint64,1000000,8,832.487,8.32487e-07,832.487,1.20122,8e+06,0.008,0.00960976,true,true,"none"
all_equal,bitonic,omp,uint64,1000000,8,158.672,1.58672e-07,158.672,6.3023,8e+06,0.008,0.0504184,true,true,"none"
all_equal,radix,seq,uint64,100000,8,8.43956,8.43956e-08,84.3956,11.849,800000,0.0008,0.0947917,true,true,"none"
all_equal,radix,omp,uint64,100000,8,2.91224,2.91224e-08,29.1224,34.3378,800000,0.0008,0.274703,true,true,"none"
all_equal,counting,seq,uint64,100000,8,2.62966,2.62966e-08,26.2966,38.0277,800000,0.0008,0.304222,true,true,"none"
all_equal,counting,omp,uint64,100000,8,2.96458,2.96458e-08,29.6458,33.7316,800000,0.0008,0.269853,true,true,"none"
all_equal,bucket,seq,uint64,100000,8,1.31625,1.31625e-08,13.1625,75.9736,800000,0.0008,0.607789,true,true,"none"
all_equal,bucket,omp,uint64,100000,8,1.25512,1.25512e-08,12.5512,79.6737,800000,0.0008,0.637389,true,true,"none"
all_equal,pigeonhole,seq,uint64,100000,8,4.73055,4.73055e-08,47.3055,21.1392,800000,0.0008,0.169114,true,true,"none"
all_equal,pigeonhole,omp,uint64,100000,8,4.92393,4.92393e-08,49.2393,20.309,800000,0.0008,0.162472,true,true,"none"
all_equal,bitonic,seq,uint64,100000,8,75.8238,7.58238e-07,758.238,1.31885,800000,0.0008,0.0105508,true,true,"none"
all_equal,bitonic,omp,uint64,100000,8,15.4528,1.54528e-07,154.528,6.47133,800000,0.0008,0.0517706,true,true,"none"
all_equal,radix,seq,uint64,10000,8,1.15038,1.15038e-07,115.038,8.69281,80000,8e-05,0.0695425,true,true,"none"
all_equal,radix,omp,uint64,10000,8,1.10181,1.10181e-07,110.181,9.07593,80000,8e-05,0.0726075,true,true,"none"
all_equal,counting,seq,uint64,10000,8,0.369238,3.69238e-08,36.9238,27.0828,80000,8e-05,0.216662,true,true,"none"
all_equal,counting,omp,uint64,10000,8,0.827331,8.27331e-08,82.7331,12.0871,80000,8e-05,0.0966965,true,true,"none"
all_equal,bucket,seq,uint64,10000,8,0.243879,2.43879e-08,24.3879,41.0039,80000,8e-05,0.328032,true,true,"none"
all_equal,bucket,omp,uint64,10000,8,0.348489,3.48489e-08,34.8489,28.6953,80000,8e-05,0.229562,true,true,"none"
all_equal,pigeonhole,seq,uint64,10000,8,1.35023,1.35023e-07,135.023,7.40612,80000,8e-05,0.059249,true,true,"none"
all_equal,pigeonhole,omp,uint64,10000,8,0.835669,8.35669e-08,83.5669,11.9665,80000,8e-05,0.0957317,true,true,"none"
all_equal,bitonic,seq,uint64,10000,8,6.55661,6.55661e-07,655.661,1.52518,80000,8e-05,0.0122014,true,true,"none"
all_equal,bitonic,omp,uint64,10000,8,3.3561,3.3561e-07,335.611,2.97964,80000,8e-05,0.0238372,true,true,"none"
all_equal,radix,seq,uint64,1000,8,0.305547,3.05547e-07,305.547,3.27282,8000,8e-06,0.0261826,true,true,"none"
all_equal,radix,omp,uint64,1000,8,0.919945,9.19945e-07,919.945,1.08702,8000,8e-06,0.00869617,true,true,"none"
all_equal,counting,seq,uint64,1000,8,0.082306,8.2306e-08,82.306,12.1498,8000,8e-06,0.0971983,true,true,"none"
all_equal,counting,omp,uint64,1000,8,0.112862,1.12862e-07,112.862,8.86038,8000,8e-06,0.070883,true,true,"none"
all_equal,bucket,seq,uint64,1000,8,0.034499,3.4499e-08,34.499,28.9863,8000,8e-06,0.231891,true,true,"none"
all_equal,bucket,omp,uint64,1000,8,0.060384,6.0384e-08,60.384,16.5607,8000,8e-06,0.132485,true,true,"none"
all_equal,pigeonhole,seq,uint64,1000,8,0.217509,2.17509e-07,217.509,4.59751,8000,8e-06,0.0367801,true,true,"none"
all_equal,pigeonhole,omp,uint64,1000,8,0.164963,1.64963e-07,164.963,6.06197,8000,8e-06,0.0484957,true,true,"none"
all_equal,bitonic,seq,uint64,1000,8,0.884723,8.84723e-07,884.723,1.1303,8000,8e-06,0.00904238,true,true,"none"
all_equal,bitonic,omp,uint64,1000,8,0.488722,4.88722e-07,488.722,2.04615,8000,8e-06,0.0163692,true,true,"none"
all_equal,radix,seq,uint64,100,8,0.062358,6.2358e-07,623.58,1.60364,800,8e-07,0.0128291,true,true,"none"
all_equal,radix,omp,uint64,100,8,0.656689,6.56689e-06,6566.89,0.152279,800,8e-07,0.00121823,true,true,"none"
all_equal,counting,seq,uint64,100,8,0.013462,1.3462e-07,134.62,7.42832,800,8e-07,0.0594265,true,true,"none"
all_equal,counting,omp,uint64,100,8,0.02806,2.806e-07,280.6,3.56379,800,8e-07,0.0285103,true,true,"none"
all_equal,bucket,seq,uint64,100,8,0.006479,6.479e-08,64.79,15.4345,800,8e-07,0.123476,true,true,"none"
all_equal,bucket,omp,uint64,100,8,0.006323,6.323e-08,63.23,15.8153,800,8e-07,0.126522,true,true,"none"
all_equal,pigeonhole,seq,uint64,100,8,0.030115,3.0115e-07,301.15,3.3206,800,8e-07,0.0265648,true,true,"none"
all_equal,pigeonhole,omp,uint64,100,8,0.034963,3.4963e-07,349.63,2.86017,800,8e-07,0.0228813,true,true,"none"
all_equal,bitonic,seq,uint64,100,8,0.053414,5.3414e-07,534.14,1.87217,800,8e-07,0.0149773,true,true,"none"
all_equal,bitonic,omp,uint64,100,8,0.164967,1.64967e-06,1649.67,0.606182,800,8e-07,0.00484945,true,true,"none"
exponential,radix,seq,uint64,100000000,8,11942.7,1.19427e-07,119.427,8.37331,8e+08,0.8,0.0669865,true,true,"none"
exponential,radix,omp,uint64,100000000,8,2219.76,2.21976e-08,22.1976,45.0499,8e+08,0.8,0.360399,true,true,"none"
exponential,counting,seq,uint64,100000000,8,0,0,0,0,8e+08,0.8,0,false,false,"Counting sort range too large: 4294967294"
exponential,counting,omp,uint64,100000000,8,0,0,0,0,8e+08,0.8,0,false,false,"Counting sort (OMP) range too large: 4294967294"
exponential,bucket,seq,uint64,100000000,8,27993.5,2.79935e-07,279.935,3.57226,8e+08,0.8,0.0285781,true,true,"none"
exponential,bucket,omp,uint64,100000000,8,12886.7,1.28867e-07,128.867,7.75992,8e+08,0.8,0.0620793,true,true,"none"
exponential,pigeonhole,seq,uint64,100000000,8,0,0,0,0,8e+08,0.8,0,false,false,"Pigeonhole sort range too large: 4294967294"
exponential,pigeonhole,omp,uint64,100000000,8,0,0,0,0,8e+08,0.8,0,false,false,"Pigeonhole sort (OMP) range too large: 4294967294"
exponential,bitonic,seq,uint64,100000000,8,284198,2.84198e-06,2841.98,0.351868,8e+08,0.8,0.00281494,true,true,"none"
exponential,bitonic,omp,uint64,100000000,8,51323.4,5.13234e-07,513.234,1.94843,8e+08,0.8,0.0155874,true,true,"none"
exponential,radix,seq,uint64,10000000,8,1177.42,1.17742e-07,117.742,8.49312,8e+07,0.08,0.067945,true,true,"none"
exponential,radix,omp,uint64,10000000,8,219.071,2.19071e-08,21.9071,45.6473,8e+07,0.08,0.365178,true,true,"none"
exponential,counting,seq,uint64,10000000,8,0,0,0,0,8e+07,0.08,0,false,false,"Counting sort range too large: 4294967090"
exponential,counting,omp,uint64,10000000,8,0,0,0,0,8e+07,0.08,0,false,false,"Counting sort (OMP) range too large: 4294967090"
exponential,bucket,seq,uint64,10000000,8,2369.8,2.3698e-07,236.98,4.21977,8e+07,0.08,0.0337582,true,true,"none"
exponential,bucket,omp,uint64,10000000,8,1276.31,1.27631e-07,127.631,7.83509,8e+07,0.08,0.0626807,true,true,"none"
exponential,pigeonhole,seq,uint64,10000000,8,0,0,0,0,8e+07,0.08,0,false,false,"Pigeonhole sort range too large: 4294967090"
exponential,pigeonhole,omp,uint64,10000000,8,0,0,0,0,8e+07,0.08,0,false,false,"Pigeonhole sort (OMP) range too large: 4294967090"
exponential,bitonic,seq,uint64,10000000,8,26521.5,2.65215e-06,2652.15,0.377053,8e+07,0.08,0.00301643,true,true,"none"
exponential,bitonic,omp,uint64,10000000,8,5204.64,5.20464e-07,520.464,1.92136,8e+07,0.08,0.0153709,true,true,"none"
exponential,radix,seq,uint64,1000000,8,88.1621,8.81621e-08,88.1621,11.3427,8e+06,0.008,0.0907419,true,true,"none"
exponential,radix,omp,uint64,1000000,8,17.3217,1.73217e-08,17.3217,57.731,8e+06,0.008,0.461848,true,true,"none"
exponential,counting,seq,uint64,1000000,8,0,0,0,0,8e+06,0.008,0,false,false,"Counting sort range too large: 4294966978"
exponential,counting,omp,uint64,1000000,8,0,0,0,0,8e+06,0.008,0,false,false,"Counting sort (OMP) range too large: 4294966978"
exponential,bucket,seq,uint64,1000000,8,227.584,2.27584e-07,227.584,4.39399,8e+06,0.008,0.0351519,true,true,"none"
exponential,bucket,omp,uint64,1000000,8,161.401,1.61401e-07,161.401,6.19574,8e+06,0.008,0.0495659,true,true,"none"
exponential,pigeonhole,seq,uint64,1000000,8,0,0,0,0,8e+06,0.008,0,false,false,"Pigeonhole sort range too large: 4294966978"
exponential,pigeonhole,omp,uint64,1000000,8,0,0,0,0,8e+06,0.008,0,false,false,"Pigeonhole sort (OMP) range too large: 4294966978"
exponential,bitonic,seq,uint64,1000000,8,1364.61,1.36461e-06,1364.61,0.73281,8e+06,0.008,0.00586248,true,true,"none"
exponential,bitonic,omp,uint64,1000000,8,234.511,2.34511e-07,234.511,4.2642,8e+06,0.008,0.0341136,true,true,"none"
exponential,radix,seq,uint64,100000,8,8.79188,8.79188e-08,87.9188,11.3741,800000,0.0008,0.0909931,true,true,"none"
exponential,radix,omp,uint64,100000,8,2.32132,2.32132e-08,23.2132,43.0789,800000,0.0008,0.344631,true,true,"none"
exponential,counting,seq,uint64,100000,8,0,0,0,0,800000,0.0008,0,false,false,"Counting sort range too large: 4294963899"
exponential,counting,omp,uint64,100000,8,0,0,0,0,800000,0.0008,0,false,false,"Counting sort (OMP) range too large: 4294963899"
exponential,bucket,seq,uint64,100000,8,37.3748,3.73748e-07,373.748,2.6756,800000,0.0008,0.0214048,true,true,"none"
exponential,bucket,omp,uint64,100000,8,38.2915,3.82915e-07,382.915,2.61154,800000,0.0008,0.0208923,true,true,"none"
exponential,pigeonhole,seq,uint64,100000,8,0,0,0,0,800000,0.0008,0,false,false,"Pigeonhole sort range too large: 4294963899"
exponential,pigeonhole,omp,uint64,100000,8,0,0,0,0,800000,0.0008,0,false,false,"Pigeonhole sort (OMP) range too large: 4294963899"
exponential,bitonic,seq,uint64,100000,8,116.344,1.16344e-06,1163.44,0.859521,800000,0.0008,0.00687617,true,true,"none"
exponential,bitonic,omp,uint64,100000,8,22.2846,2.22846e-07,222.846,4.48741,800000,0.0008,0.0358992,true,true,"none"
exponential,radix,seq,uint64,10000,8,1.40052,1.40052e-07,140.052,7.14022,80000,8e-05,0.0571217,true,true,"none"
exponential,radix,omp,uint64,10000,8,1.18075,1.18075e-07,118.075,8.46916,80000,8e-05,0.0677533,true,true,"none"
exponential,counting,seq,uint64,10000,8,0,0,0,0,80000,8e-05,0,false,false,"Counting sort range too large: 4294960158"
exponential,counting,omp,uint64,10000,8,0,0,0,0,80000,8e-05,0,false,false,"Counting sort (OMP) range too large: 4294960158"
exponential,bucket,seq,uint64,10000,8,3.57443,3.57443e-07,357.443,2.79765,80000,8e-05,0.0223812,true,true,"none"
exponential,bucket,omp,uint64,10000,8,3.84053,3.84053e-07,384.053,2.60381,80000,8e-05,0.0208305,true,true,"none"
exponential,pigeonhole,seq,uint64,10000,8,0,0,0,0,80000,8e-05,0,false,false,"Pigeonhole sort range too large: 4294960158"
exponential,pigeonhole,omp,uint64,10000,8,0,0,0,0,80000,8e-05,0,false,false,"Pigeonhole sort (OMP) range too large: 4294960158"
exponential,bitonic,seq,uint64,10000,8,9.73386,9.73385e-07,973.385,1.02734,80000,8e-05,0.00821874,true,true,"none"
exponential,bitonic,omp,uint64,10000,8,2.77186,2.77186e-07,277.186,3.60769,80000,8e-05,0.0288615,true,true,"none"
exponential,radix,seq,uint64,1000,8,0.223195,2.23195e-07,223.195,4.48039,8000,8e-06,0.0358431,true,true,"none"
exponential,radix,omp,uint64,1000,8,0.662286,6.62286e-07,662.286,1.50992,8000,8e-06,0.0120794,true,true,"none"
exponential,counting,seq,uint64,1000,8,0,0,0,0,8000,8e-06,0,false,false,"Counting sort range too large: 4292118639"
exponential,counting,omp,uint64,1000,8,0,0,0,0,8000,8e-06,0,false,false,"Counting sort (OMP) range too large: 4292118639"
exponential,bucket,seq,uint64,1000,8,1.35053,1.35053e-06,1350.53,0.740451,8000,8e-06,0.0059236,true,true,"none"
exponential,bucket,omp,uint64,1000,8,0.99294,9.9294e-07,992.94,1.00711,8000,8e-06,0.00805688,true,true,"none"
exponential,pigeonhole,seq,uint64,1000,8,0,0,0,0,8000,8e-06,0,false,false,"Pigeonhole sort range too large: 4292118639"
exponential,pigeonhole,omp,uint64,1000,8,0,0,0,0,8000,8e-06,0,false,false,"Pigeonhole sort (OMP) range too large: 4292118639"
exponential,bitonic,seq,uint64,1000,8,1.60895,1.60895e-06,1608.95,0.621525,8000,8e-06,0.0049722,true,true,"none"
exponential,bitonic,omp,uint64,1000,8,0.639035,6.39035e-07,639.035,1.56486,8000,8e-06,0.0125189,true,true,"none"
exponential,radix,seq,uint64,100,8,0.062813,6.2813e-07,628.13,1.59203,800,8e-07,0.0127362,true,true,"none"
exponential,radix,omp,uint64,100,8,0.919341,9.19341e-06,9193.41,0.108774,800,8e-07,0.000870189,true,true,"none"
exponential,counting,seq,uint64,100,8,0,0,0,0,800,8e-07,0,false,false,"Counting sort range too large: 2655890535"
exponential,counting,omp,uint64,100,8,0,0,0,0,800,8e-07,0,false,false,"Counting sort (OMP) range too large: 2655890535"
exponential,bucket,seq,uint64,100,8,0.184818,1.84818e-06,1848.18,0.541073,800,8e-07,0.00432858,true,true,"none"
exponential,bucket,omp,uint64,100,8,0.172581,1.72581e-06,1725.81,0.579438,800,8e-07,0.0046355,true,true,"none"
exponential,pigeonhole,seq,uint64,100,8,0,0,0,0,800,8e-07,0,false,false,"Pigeonhole sort range too large: 2655890535"
exponential,pigeonhole,omp,uint64,100,8,0,0,0,0,800,8e-07,0,false,false,"Pigeonhole sort (OMP) range too large: 2655890535"
exponential,bitonic,seq,uint64,100,8,0.130869,1.30869e-06,1308.69,0.764123,800,8e-07,0.00611298,true,true,"none"
exponential,bitonic,omp,uint64,100,8,0.167234,1.67234e-06,1672.34,0.597965,800,8e-07,0.00478372,true,true,"none"
gaussian,radix,seq,uint64,100000000,8,9204.74,9.20474e-08,92.0474,10.864,8e+08,0.8,0.0869118,true,true,"none"
gaussian,radix,omp,uint64,100000000,8,1702.5,1.7025e-08,17.025,58.7371,8e+08,0.8,0.469896,true,true,"none"
gaussian,counting,seq,uint64,100000000,8,2850.53,2.85053e-08,28.5053,35.0812,8e+08,0.8,0.28065,true,true,"none"
gaussian,counting,omp,uint64,100000000,8,1852.08,1.85208e-08,18.5208,53.9932,8e+08,0.8,0.431946,true,true,"none"
gaussian,bucket,seq,uint64,100000000,8,34297.9,3.42979e-07,342.979,2.91563,8e+08,0.8,0.023325,true,true,"none"
gaussian,bucket,omp,uint64,100000000,8,23321.5,2.33215e-07,233.215,4.28789,8e+08,0.8,0.0343031,true,true,"none"
gaussian,pigeonhole,seq,uint64,100000000,8,5421.22,5.42122e-08,54.2122,18.446,8e+08,0.8,0.147568,true,true,"none"
gaussian,pigeonhole,omp,uint64,100000000,8,5029.85,5.02985e-08,50.2985,19.8813,8e+08,0.8,0.159051,true,true,"none"
gaussian,bitonic,seq,uint64,100000000,8,220074,2.20074e-06,2200.74,0.454393,8e+08,0.8,0.00363514,true,true,"none"
gaussian,bitonic,omp,uint64,100000000,8,40213,4.0213e-07,402.13,2.48676,8e+08,0.8,0.0198941,true,true,"none"
gaussian,radix,seq,uint64,10000000,8,903.347,9.03347e-08,90.3347,11.0699,8e+07,0.08,0.0885596,true,true,"none"
gaussian,radix,omp,uint64,10000000,8,173.265,1.73265e-08,17.3265,57.7149,8e+07,0.08,0.461719,true,true,"none"
gaussian,counting,seq,uint64,10000000,8,284.896,2.84896e-08,28.4896,35.1005,8e+07,0.08,0.280804,true,true,"none"
gaussian,counting,omp,uint64,10000000,8,186.849,1.86849e-08,18.6849,53.5192,8e+07,0.08,0.428154,true,true,"none"
gaussian,bucket,seq,uint64,10000000,8,3011.68,3.01168e-07,301.168,3.32041,8e+07,0.08,0.0265633,true,true,"none"
gaussian,bucket,omp,uint64,10000000,8,2118.59,2.11859e-07,211.859,4.72011,8e+07,0.08,0.0377609,true,true,"none"
gaussian,pigeonhole,seq,uint64,10000000,8,537.457,5.37457e-08,53.7457,18.6062,8e+07,0.08,0.148849,true,true,"none"
gaussian,pigeonhole,omp,uint64,10000000,8,489.545,4.89545e-08,48.9545,20.4271,8e+07,0.08,0.163417,true,true,"none"
gaussian,bitonic,seq,uint64,10000000,8,21700.6,2.17006e-06,2170.06,0.460817,8e+07,0.08,0.00368653,true,true,"none"
gaussian,bitonic,omp,uint64,10000000,8,4079.99,4.07999e-07,407.999,2.45099,8e+07,0.08,0.0196079,true,true,"none"
gaussian,radix,seq,uint64,1000000,8,84.2702,8.42702e-08,84.2702,11.8666,8e+06,0.008,0.0949327,true,true,"none"
gaussian,radix,omp,uint64,1000000,8,15.4935,1.54935e-08,15.4935,64.5433,8e+06,0.008,0.516347,true,true,"none"
gaussian,counting,seq,uint64,1000000,8,28.0429,2.80429e-08,28.0429,35.6596,8e+06,0.008,0.285277,true,true,"none"
gaussian,counting,omp,uint64,1000000,8,19.3116,1.93116e-08,19.3116,51.7825,8e+06,0.008,0.41426,true,true,"none"
gaussian,bucket,seq,uint64,1000000,8,248.341,2.48341e-07,248.341,4.02672,8e+06,0.008,0.0322138,true,true,"none"
gaussian,bucket,omp,uint64,1000000,8,184.872,1.84872e-07,184.872,5.40916,8e+06,0.008,0.0432733,true,true,"none"
gaussian,pigeonhole,seq,uint64,1000000,8,49.3719,4.93719e-08,49.3719,20.2544,8e+06,0.008,0.162035,true,true,"none"
gaussian,pigeonhole,omp,uint64,1000000,8,45.0859,4.50859e-08,45.0859,22.1799,8e+06,0.008,0.177439,true,true,"none"
gaussian,bitonic,seq,uint64,1000000,8,1024.49,1.02449e-06,1024.49,0.976098,8e+06,0.008,0.00780879,true,true,"none"
gaussian,bitonic,omp,uint64,1000000,8,188.109,1.88109e-07,188.109,5.31605,8e+06,0.008,0.0425284,true,true,"none"
gaussian,radix,seq,uint64,100000,8,8.44298,8.44298e-08,84.4298,11.8442,800000,0.0008,0.0947533,true,true,"none"
gaussian,radix,omp,uint64,100000,8,2.65487,2.65487e-08,26.5487,37.6667,800000,0.0008,0.301333,true,true,"none"
gaussian,counting,seq,uint64,100000,8,2.79547,2.79546e-08,27.9546,35.7722,800000,0.0008,0.286178,true,true,"none"
gaussian,counting,omp,uint64,100000,8,2.31554,2.31554e-08,23.1554,43.1865,800000,0.0008,0.345492,true,true,"none"
gaussian,bucket,seq,uint64,100000,8,27.6305,2.76305e-07,276.305,3.61919,800000,0.0008,0.0289535,true,true,"none"
gaussian,bucket,omp,uint64,100000,8,23.349,2.3349e-07,233.49,4.28285,800000,0.0008,0.0342628,true,true,"none"
gaussian,pigeonhole,seq,uint64,100000,8,5.13969,5.13969e-08,51.3969,19.4564,800000,0.0008,0.155651,true,true,"none"
gaussian,pigeonhole,omp,uint64,100000,8,5.31877,5.31877e-08,53.1877,18.8013,800000,0.0008,0.150411,true,true,"none"
gaussian,bitonic,seq,uint64,100000,8,92.8374,9.28374e-07,928.374,1.07715,800000,0.0008,0.00861721,true,true,"none"
gaussian,bitonic,omp,uint64,100000,8,17.738,1.7738e-07,177.38,5.63761,800000,0.0008,0.0451009,true,true,"none"
gaussian,radix,seq,uint64,10000,8,1.69758,1.69758e-07,169.758,5.89075,80000,8e-05,0.047126,true,true,"none"
gaussian,radix,omp,uint64,10000,8,0.992405,9.92405e-08,99.2405,10.0765,80000,8e-05,0.0806123,true,true,"none"
gaussian,counting,seq,uint64,10000,8,0.423371,4.23371e-08,42.3371,23.6199,80000,8e-05,0.18896,true,true,"none"
gaussian,counting,omp,uint64,10000,8,0.430565,4.30565e-08,43.0565,23.2253,80000,8e-05,0.185802,true,true,"none"
gaussian,bucket,seq,uint64,10000,8,3.02497,3.02497e-07,302.497,3.30582,80000,8e-05,0.0264466,true,true,"none"
gaussian,bucket,omp,uint64,10000,8,2.95324,2.95324e-07,295.324,3.38612,80000,8e-05,0.0270889,true,true,"none"
gaussian,pigeonhole,seq,uint64,10000,8,2.02331,2.02331e-07,202.331,4.9424,80000,8e-05,0.0395392,true,true,"none"
gaussian,pigeonhole,omp,uint64,10000,8,1.67252,1.67252e-07,167.252,5.97901,80000,8e-05,0.0478321,true,true,"none"
gaussian,bitonic,seq,uint64,10000,8,8.07003,8.07003e-07,807.003,1.23915,80000,8e-05,0.00991322,true,true,"none"
gaussian,bitonic,omp,uint64,10000,8,2.52719,2.52719e-07,252.719,3.95696,80000,8e-05,0.0316557,true,true,"none"
gaussian,radix,seq,uint64,1000,8,0.334011,3.34011e-07,334.011,2.99391,8000,8e-06,0.0239513,true,true,"none"
gaussian,radix,omp,uint64,1000,8,0.878359,8.78359e-07,878.359,1.13849,8000,8e-06,0.00910789,true,true,"none"
gaussian,counting,seq,uint64,1000,8,0.083032,8.3032e-08,83.032,12.0435,8000,8e-06,0.0963484,true,true,"none"
gaussian,counting,omp,uint64,1000,8,0.15125,1.5125e-07,151.25,6.61157,8000,8e-06,0.0528926,true,true,"none"
gaussian,bucket,seq,uint64,1000,8,0.759963,7.59963e-07,759.963,1.31585,8000,8e-06,0.0105268,true,true,"none"
gaussian,bucket,omp,uint64,1000,8,1.04581,1.04581e-06,1045.81,0.956197,8000,8e-06,0.00764957,true,true,"none"
gaussian,pigeonhole,seq,uint64,1000,8,0.596915,5.96915e-07,596.915,1.67528,8000,8e-06,0.0134022,true,true,"none"
gaussian,pigeonhole,omp,uint64,1000,8,0.686813,6.86813e-07,686.813,1.456,8000,8e-06,0.011648,true,true,"none"
gaussian,bitonic,seq,uint64,1000,8,0.875465,8.75465e-07,875.465,1.14225,8000,8e-06,0.009138,true,true,"none"
gaussian,bitonic,omp,uint64,1000,8,0.55983,5.5983e-07,559.83,1.78626,8000,8e-06,0.0142901,true,true,"none"
gaussian,radix,seq,uint64,100,8,0.055507,5.5507e-07,555.07,1.80157,800,8e-07,0.0144126,true,true,"none"
gaussian,radix,omp,uint64,100,8,0.775525,7.75525e-06,7755.25,0.128945,800,8e-07,0.00103156,true,true,"none"
gaussian,counting,seq,uint64,100,8,0.019493,1.9493e-07,194.93,5.13005,800,8e-07,0.0410404,true,true,"none"
gaussian,counting,omp,uint64,100,8,0.070394,7.0394e-07,703.94,1.42058,800,8e-07,0.0113646,true,true,"none"
gaussian,bucket,seq,uint64,100,8,0.057377,5.7377e-07,573.77,1.74286,800,8e-07,0.0139429,true,true,"none"
gaussian,bucket,omp,uint64,100,8,0.140089,1.40089e-06,1400.89,0.713832,800,8e-07,0.00571066,true,true,"none"
gaussian,pigeonhole,seq,uint64,100,8,0.137901,1.37901e-06,1379.01,0.725158,800,8e-07,0.00580126,true,true,"none"
gaussian,pigeonhole,omp,uint64,100,8,0.108833,1.08833e-06,1088.33,0.918839,800,8e-07,0.00735071,true,true,"none"
gaussian,bitonic,seq,uint64,100,8,0.110089,1.10089e-06,1100.89,0.908356,800,8e-07,0.00726685,true,true,"none"
gaussian,bitonic,omp,uint64,100,8,0.186817,1.86817e-06,1868.17,0.535283,800,8e-07,0.00428227,true,true,"none"
reverse,radix,seq,uint64,100000000,8,11947.4,1.19474e-07,119.474,8.37005,8e+08,0.8,0.0669604,true,true,"none"
reverse,radix,omp,uint64,100000000,8,2259.73,2.25973e-08,22.5973,44.2532,8e+08,0.8,0.354025,true,true,"none"
reverse,counting,seq,uint64,100000000,8,0,0,0,0,8e+08,0.8,0,false,false,"Counting sort range too large: 4294967254"
reverse,counting,omp,uint64,100000000,8,0,0,0,0,8e+08,0.8,0,false,false,"Counting sort (OMP) range too large: 4294967254"
reverse,bucket,seq,uint64,100000000,8,13592.3,1.35923e-07,135.923,7.35711,8e+08,0.8,0.0588569,true,true,"none"
reverse,bucket,omp,uint64,100000000,8,6765.02,6.76502e-08,67.6502,14.7819,8e+08,0.8,0.118255,true,true,"none"
reverse,pigeonhole,seq,uint64,100000000,8,0,0,0,0,8e+08,0.8,0,false,false,"Pigeonhole sort range too large: 4294967254"
reverse,pigeonhole,omp,uint64,100000000,8,0,0,0,0,8e+08,0.8,0,false,false,"Pigeonhole sort (OMP) range too large: 4294967254"
reverse,bitonic,seq,uint64,100000000,8,262363,2.62363e-06,2623.63,0.381151,8e+08,0.8,0.00304921,true,true,"none"
reverse,bitonic,omp,uint64,100000000,8,48683.8,4.86838e-07,486.838,2.05407,8e+08,0.8,0.0164326,true,true,"none"
reverse,radix,seq,uint64,10000000,8,1183.9,1.1839e-07,118.39,8.44663,8e+07,0.08,0.067573,true,true,"none"
reverse,radix,omp,uint64,10000000,8,223.032,2.23032e-08,22.3032,44.8366,8e+07,0.08,0.358693,true,true,"none"
reverse,counting,seq,uint64,10000000,8,0,0,0,0,8e+07,0.08,0,false,false,"Counting sort range too large: 4294966326"
reverse,counting,omp,uint64,10000000,8,0,0,0,0,8e+07,0.08,0,false,false,"Counting sort (OMP) range too large: 4294966326"
reverse,bucket,seq,uint64,10000000,8,1356.08,1.35608e-07,135.608,7.37421,8e+07,0.08,0.0589937,true,true,"none"
reverse,bucket,omp,uint64,10000000,8,819.924,8.19924e-08,81.9924,12.1962,8e+07,0.08,0.09757,true,true,"none"
reverse,pigeonhole,seq,uint64,10000000,8,0,0,0,0,8e+07,0.08,0,false,false,"Pigeonhole sort range too large: 4294966326"
reverse,pigeonhole,omp,uint64,10000000,8,0,0,0,0,8e+07,0.08,0,false,false,"Pigeonhole sort (OMP) range too large: 4294966326"
reverse,bitonic,seq,uint64,10000000,8,24668.6,2.46686e-06,2466.86,0.405373,8e+07,0.08,0.00324298,true,true,"none"
reverse,bitonic,omp,uint64,10000000,8,4928.42,4.92842e-07,492.842,2.02905,8e+07,0.08,0.0162324,true,true,"none"
reverse,radix,seq,uint64,1000000,8,88.3648,8.83648e-08,88.3648,11.3167,8e+06,0.008,0.0905337,true,true,"none"
reverse,radix,omp,uint64,1000000,8,18.251,1.8251e-08,18.251,54.7915,8e+06,0.008,0.438332,true,true,"none"
reverse,counting,seq,uint64,1000000,8,0,0,0,0,8e+06,0.008,0,false,false,"Counting sort range too large: 4294954775"
reverse,counting,omp,uint64,1000000,8,0,0,0,0,8e+06,0.008,0,false,false,"Counting sort (OMP) range too large: 4294954775"
reverse,bucket,seq,uint64,1000000,8,207.441,2.07441e-07,207.441,4.82065,8e+06,0.008,0.0385652,true,true,"none"
reverse,bucket,omp,uint64,1000000,8,169.685,1.69685e-07,169.685,5.89328,8e+06,0.008,0.0471462,true,true,"none"
reverse,pigeonhole,seq,uint64,1000000,8,0,0,0,0,8e+06,0.008,0,false,false,"Pigeonhole sort range too large: 4294954775"
reverse,pigeonhole,omp,uint64,1000000,8,0,0,0,0,8e+06,0.008,0,false,false,"Pigeonhole sort (OMP) range too large: 4294954775"
reverse,bitonic,seq,uint64,1000000,8,1203.28,1.20328e-06,1203.28,0.831062,8e+06,0.008,0.00664849,true,true,"none"
reverse,bitonic,omp,uint64,1000000,8,218.597,2.18597e-07,218.597,4.57463,8e+06,0.008,0.0365971,true,true,"none"
reverse,radix,seq,uint64,100000,8,8.86012,8.86012e-08,88.6012,11.2865,800000,0.0008,0.0902923,true,true,"none"
reverse,radix,omp,uint64,100000,8,3.37408,3.37408e-08,33.7408,29.6377,800000,0.0008,0.237101,true,true,"none"
reverse,counting,seq,uint64,100000,8,0,0,0,0,800000,0.0008,0,false,false,"Counting sort range too large: 4294831263"
reverse,counting,omp,uint64,100000,8,0,0,0,0,800000,0.0008,0,false,false,"Counting sort (OMP) range too large: 4294831263"
reverse,bucket,seq,uint64,100000,8,39.2277,3.92277e-07,392.277,2.54922,800000,0.0008,0.0203937,true,true,"none"
reverse,bucket,omp,uint64,100000,8,39.0049,3.90049e-07,390.049,2.56378,800000,0.0008,0.0205103,true,true,"none"
reverse,pigeonhole,seq,uint64,100000,8,0,0,0,0,800000,0.0008,0,false,false,"Pigeonhole sort range too large: 4294831263"
reverse,pigeonhole,omp,uint64,100000,8,0,0,0,0,800000,0.0008,0,false,false,"Pigeonhole sort (OMP) range too large: 4294831263"
reverse,bitonic,seq,uint64,100000,8,103.809,1.03809e-06,1038.09,0.96331,800000,0.0008,0.00770648,true,true,"none"
reverse,bitonic,omp,uint64,100000,8,20.7983,2.07983e-07,207.983,4.80808,800000,0.0008,0.0384646,true,true,"none"
reverse,radix,seq,uint64,10000,8,1.29556,1.29556e-07,129.556,7.71869,80000,8e-05,0.0617496,true,true,"none"
reverse,radix,omp,uint64,10000,8,1.27015,1.27015e-07,127.015,7.87307,80000,8e-05,0.0629846,true,true,"none"
reverse,counting,seq,uint64,10000,8,0,0,0,0,80000,8e-05,0,false,false,"Counting sort range too large: 4293704743"
reverse,counting,omp,uint64,10000,8,0,0,0,0,80000,8e-05,0,false,false,"Counting sort (OMP) range too large: 4293704743"
reverse,bucket,seq,uint64,10000,8,4.01144,4.01144e-07,401.144,2.49287,80000,8e-05,0.0199429,true,true,"none"
reverse,bucket,omp,uint64,10000,8,4.25785,4.25785e-07,425.785,2.3486,80000,8e-05,0.0187888,true,true,"none"
reverse,pigeonhole,seq,uint64,10000,8,0,0,0,0,80000,8e-05,0,false,false,"Pigeonhole sort range too large: 4293704743"
reverse,pigeonhole,omp,uint64,10000,8,0,0,0,0,80000,8e-05,0,false,false,"Pigeonhole sort (OMP) range too large: 4293704743"
reverse,bitonic,seq,uint64,10000,8,8.52236,8.52236e-07,852.236,1.17338,80000,8e-05,0.00938707,true,true,"none"
reverse,bitonic,omp,uint64,10000,8,3.03543,3.03543e-07,303.543,3.29443,80000,8e-05,0.0263554,true,true,"none"
reverse,radix,seq,uint64,1000,8,0.259121,2.59121e-07,259.121,3.8592,8000,8e-06,0.0308736,true,true,"none"
reverse,radix,omp,uint64,1000,8,0.9133,9.133e-07,913.3,1.09493,8000,8e-06,0.00875944,true,true,"none"
reverse,counting,seq,uint64,1000,8,0,0,0,0,8000,8e-06,0,false,false,"Counting sort range too large: 4283027776"
reverse,counting,omp,uint64,1000,8,0,0,0,0,8000,8e-06,0,false,false,"Counting sort (OMP) range too large: 4283027776"
reverse,bucket,seq,uint64,1000,8,0.934875,9.34875e-07,934.875,1.06966,8000,8e-06,0.00855729,true,true,"none"
reverse,bucket,omp,uint64,1000,8,0.947339,9.47339e-07,947.339,1.05559,8000,8e-06,0.00844471,true,true,"none"
reverse,pigeonhole,seq,uint64,1000,8,0,0,0,0,8000,8e-06,0,false,false,"Pigeonhole sort range too large: 4283027776"
reverse,pigeonhole,omp,uint64,1000,8,0,0,0,0,8000,8e-06,0,false,false,"Pigeonhole sort (OMP) range too large: 4283027776"
reverse,bitonic,seq,uint64,1000,8,0.914904,9.14904e-07,914.904,1.09301,8000,8e-06,0.00874409,true,true,"none"
reverse,bitonic,omp,uint64,1000,8,0.63867,6.3867e-07,638.67,1.56575,8000,8e-06,0.012526,true,true,"none"
reverse,radix,seq,uint64,100,8,0.062978,6.2978e-07,629.78,1.58786,800,8e-07,0.0127028,true,true,"none"
reverse,radix,omp,uint64,100,8,0.916041,9.16041e-06,9160.41,0.109165,800,8e-07,0.000873323,true,true,"none"
reverse,counting,seq,uint64,100,8,0,0,0,0,800,8e-07,0,false,false,"Counting sort range too large: 4258171451"
reverse,counting,omp,uint64,100,8,0,0,0,0,800,8e-07,0,false,false,"Counting sort (OMP) range too large: 4258171451"
reverse,bucket,seq,uint64,100,8,0.192314,1.92314e-06,1923.14,0.519983,800,8e-07,0.00415986,true,true,"none"
reverse,bucket,omp,uint64,100,8,0.180507,1.80507e-06,1805.07,0.553995,800,8e-07,0.00443196,true,true,"none"
reverse,pigeonhole,seq,uint64,100,8,0,0,0,0,800,8e-07,0,false,false,"Pigeonhole sort range too large: 4258171451"
reverse,pigeonhole,omp,uint64,100,8,0,0,0,0,800,8e-07,0,false,false,"Pigeonhole sort (OMP) range too large: 4258171451"
reverse,bitonic,seq,uint64,100,8,0.109423,1.09423e-06,1094.23,0.913885,800,8e-07,0.00731108,true,true,"none"
reverse,bitonic,omp,uint64,100,8,0.191205,1.91205e-06,1912.05,0.522999,800,8e-07,0.00418399,true,true,"none"
sorted,radix,seq,uint64,100000000,8,12221.4,1.22214e-07,122.214,8.18234,8e+08,0.8,0.0654587,true,true,"none"
sorted,radix,omp,uint64,100000000,8,2253.88,2.25388e-08,22.5388,44.3679,8e+08,0.8,0.354943,true,true,"none"
sorted,counting,seq,uint64,100000000,8,0,0,0,0,8e+08,0.8,0,false,false,"Counting sort range too large: 4294967254"
sorted,counting,omp,uint64,100000000,8,0,0,0,0,8e+08,0.8,0,false,false,"Counting sort (OMP) range too large: 4294967254"
sorted,bucket,seq,uint64,100000000,8,14344.4,1.43444e-07,143.444,6.97139,8e+08,0.8,0.0557711,true,true,"none"
sorted,bucket,omp,uint64,100000000,8,6843.74,6.84374e-08,68.4374,14.6119,8e+08,0.8,0.116895,true,true,"none"
sorted,pigeonhole,seq,uint64,100000000,8,0,0,0,0,8e+08,0.8,0,false,false,"Pigeonhole sort range too large: 4294967254"
sorted,pigeonhole,omp,uint64,100000000,8,0,0,0,0,8e+08,0.8,0,false,false,"Pigeonhole sort (OMP) range too large: 4294967254"
sorted,bitonic,seq,uint64,100000000,8,260280,2.6028e-06,2602.8,0.384202,8e+08,0.8,0.00307362,true,true,"none"
sorted,bitonic,omp,uint64,100000000,8,48489.4,4.84894e-07,484.894,2.0623,8e+08,0.8,0.0164984,true,true,"none"
sorted,radix,seq,uint64,10000000,8,1162.32,1.16232e-07,116.232,8.60345,8e+07,0.08,0.0688276,true,true,"none"
sorted,radix,omp,uint64,10000000,8,211.255,2.11255e-08,21.1255,47.3361,8e+07,0.08,0.378689,true,true,"none"
sorted,counting,seq,uint64,10000000,8,0,0,0,0,8e+07,0.08,0,false,false,"Counting sort range too large: 4294966326"
sorted,counting,omp,uint64,10000000,8,0,0,0,0,8e+07,0.08,0,false,false,"Counting sort (OMP) range too large: 4294966326"
sorted,bucket,seq,uint64,10000000,8,1344.96,1.34496e-07,134.496,7.43517,8e+07,0.08,0.0594814,true,true,"none"
sorted,bucket,omp,uint64,10000000,8,805.522,8.05522e-08,80.5522,12.4143,8e+07,0.08,0.0993145,true,true,"none"
sorted,pigeonhole,seq,uint64,10000000,8,0,0,0,0,8e+07,0.08,0,false,false,"Pigeonhole sort range too large: 4294966326"
sorted,pigeonhole,omp,uint64,10000000,8,0,0,0,0,8e+07,0.08,0,false,false,"Pigeonhole sort (OMP) range too large: 4294966326"
sorted,bitonic,seq,uint64,10000000,8,24448.1,2.44481e-06,2444.81,0.409029,8e+07,0.08,0.00327223,true,true,"none"
sorted,bitonic,omp,uint64,10000000,8,4897.18,4.89718e-07,489.718,2.04199,8e+07,0.08,0.0163359,true,true,"none"
sorted,radix,seq,uint64,1000000,8,88.3837,8.83837e-08,88.3837,11.3143,8e+06,0.008,0.0905145,true,true,"none"
sorted,radix,omp,uint64,1000000,8,18.5749,1.85749e-08,18.5749,53.8362,8e+06,0.008,0.430689,true,true,"none"
sorted,counting,seq,uint64,1000000,8,0,0,0,0,8e+06,0.008,0,false,false,"Counting sort range too large: 4294954775"
sorted,counting,omp,uint64,1000000,8,0,0,0,0,8e+06,0.008,0,false,false,"Counting sort (OMP) range too large: 4294954775"
sorted,bucket,seq,uint64,1000000,8,181.546,1.81546e-07,181.546,5.50825,8e+06,0.008,0.044066,true,true,"none"
sorted,bucket,omp,uint64,1000000,8,165.196,1.65196e-07,165.196,6.05341,8e+06,0.008,0.0484273,true,true,"none"
sorted,pigeonhole,seq,uint64,1000000,8,0,0,0,0,8e+06,0.008,0,false,false,"Pigeonhole sort range too large: 4294954775"
sorted,pigeonhole,omp,uint64,1000000,8,0,0,0,0,8e+06,0.008,0,false,false,"Pigeonhole sort (OMP) range too large: 4294954775"
sorted,bitonic,seq,uint64,1000000,8,1202.22,1.20222e-06,1202.22,0.831796,8e+06,0.008,0.00665437,true,true,"none"
sorted,bitonic,omp,uint64,1000000,8,219.391,2.19391e-07,219.391,4.55808,8e+06,0.008,0.0364646,true,true,"none"
sorted,radix,seq,uint64,100000,8,8.92632,8.92632e-08,89.2632,11.2028,800000,0.0008,0.0896226,true,true,"none"
sorted,radix,omp,uint64,100000,8,3.63549,3.63549e-08,36.3549,27.5066,800000,0.0008,0.220053,true,true,"none"
sorted,counting,seq,uint64,100000,8,0,0,0,0,800000,0.0008,0,false,false,"Counting sort range too large: 4294831263"
sorted,counting,omp,uint64,100000,8,0,0,0,0,800000,0.0008,0,false,false,"Counting sort (OMP) range too large: 4294831263"
sorted,bucket,seq,uint64,100000,8,38.1912,3.81912e-07,381.912,2.61841,800000,0.0008,0.0209473,true,true,"none"
sorted,bucket,omp,uint64,100000,8,38.1311,3.81311e-07,381.311,2.62253,800000,0.0008,0.0209802,true,true,"none"
sorted,pigeonhole,seq,uint64,100000,8,0,0,0,0,800000,0.0008,0,false,false,"Pigeonhole sort range too large: 4294831263"
sorted,pigeonhole,omp,uint64,100000,8,0,0,0,0,800000,0.0008,0,false,false,"Pigeonhole sort (OMP) range too large: 4294831263"
sorted,bitonic,seq,uint64,100000,8,101.613,1.01613e-06,1016.13,0.984127,800000,0.0008,0.00787302,true,true,"none"
sorted,bitonic,omp,uint64,100000,8,20.7299,2.07299e-07,207.299,4.82396,800000,0.0008,0.0385917,true,true,"none"
sorted,radix,seq,uint64,10000,8,1.6174,1.6174e-07,161.74,6.18275,80000,8e-05,0.049462,true,true,"none"
sorted,radix,omp,uint64,10000,8,1.17341,1.17341e-07,117.341,8.52214,80000,8e-05,0.0681771,true,true,"none"
sorted,counting,seq,uint64,10000,8,0,0,0,0,80000,8e-05,0,false,false,"Counting sort range too large: 4293704743"
sorted,counting,omp,uint64,10000,8,0,0,0,0,80000,8e-05,0,false,false,"Counting sort (OMP) range too large: 4293704743"
sorted,bucket,seq,uint64,10000,8,3.82272,3.82272e-07,382.272,2.61594,80000,8e-05,0.0209275,true,true,"none"
sorted,bucket,omp,uint64,10000,8,4.22161,4.22161e-07,422.161,2.36877,80000,8e-05,0.0189501,true,true,"none"
sorted,pigeonhole,seq,uint64,10000,8,0,0,0,0,80000,8e-05,0,false,false,"Pigeonhole sort range too large: 4293704743"
sorted,pigeonhole,omp,uint64,10000,8,0,0,0,0,80000,8e-05,0,false,false,"Pigeonhole sort (OMP) range too large: 4293704743"
sorted,bitonic,seq,uint64,10000,8,8.25506,8.25506e-07,825.506,1.21138,80000,8e-05,0.00969102,true,true,"none"
sorted,bitonic,omp,uint64,10000,8,3.61357,3.61357e-07,361.357,2.76734,80000,8e-05,0.0221388,true,true,"none"
sorted,radix,seq,uint64,1000,8,0.334822,3.34822e-07,334.822,2.98666,8000,8e-06,0.0238933,true,true,"none"
sorted,radix,omp,uint64,1000,8,0.929599,9.29599e-07,929.599,1.07573,8000,8e-06,0.00860586,true,true,"none"
sorted,counting,seq,uint64,1000,8,0,0,0,0,8000,8e-06,0,false,false,"Counting sort range too large: 4283027776"
sorted,counting,omp,uint64,1000,8,0,0,0,0,8000,8e-06,0,false,false,"Counting sort (OMP) range too large: 4283027776"
sorted,bucket,seq,uint64,1000,8,1.12736,1.12736e-06,1127.36,0.887027,8000,8e-06,0.00709621,true,true,"none"
sorted,bucket,omp,uint64,1000,8,1.07403,1.07403e-06,1074.03,0.931074,8000,8e-06,0.00744859,true,true,"none"
sorted,pigeonhole,seq,uint64,1000,8,0,0,0,0,8000,8e-06,0,false,false,"Pigeonhole sort range too large: 4283027776"
sorted,pigeonhole,omp,uint64,1000,8,0,0,0,0,8000,8e-06,0,false,false,"Pigeonhole sort (OMP) range too large: 4283027776"
sorted,bitonic,seq,uint64,1000,8,0.839203,8.39203e-07,839.203,1.19161,8000,8e-06,0.00953285,true,true,"none"
sorted,bitonic,omp,uint64,1000,8,0.58747,5.8747e-07,587.47,1.70221,8000,8e-06,0.0136177,true,true,"none"
sorted,radix,seq,uint64,100,8,0.062472,6.2472e-07,624.72,1.60072,800,8e-07,0.0128057,true,true,"none"
sorted,radix,omp,uint64,100,8,0.920235,9.20235e-06,9202.35,0.108668,800,8e-07,0.000869343,true,true,"none"
sorted,counting,seq,uint64,100,8,0,0,0,0,800,8e-07,0,false,false,"Counting sort range too large: 4258171451"
sorted,counting,omp,uint64,100,8,0,0,0,0,800,8e-07,0,false,false,"Counting sort (OMP) range too large: 4258171451"
sorted,bucket,seq,uint64,100,8,0.187376,1.87376e-06,1873.76,0.533686,800,8e-07,0.00426949,true,true,"none"
sorted,bucket,omp,uint64,100,8,0.159514,1.59514e-06,1595.14,0.626904,800,8e-07,0.00501523,true,true,"none"
sorted,pigeonhole,seq,uint64,100,8,0,0,0,0,800,8e-07,0,false,false,"Pigeonhole sort range too large: 4258171451"
sorted,pigeonhole,omp,uint64,100,8,0,0,0,0,800,8e-07,0,false,false,"Pigeonhole sort (OMP) range too large: 4258171451"
sorted,bitonic,seq,uint64,100,8,0.103351,1.03351e-06,1033.51,0.967577,800,8e-07,0.00774061,true,true,"none"
sorted,bitonic,omp,uint64,100,8,0.173891,1.73891e-06,1738.91,0.575073,800,8e-07,0.00460058,true,true,"none"
staggered,radix,seq,uint64,100000000,8,11944.8,1.19448e-07,119.448,8.37187,8e+08,0.8,0.066975,true,true,"none"
staggered,radix,omp,uint64,100000000,8,2274.51,2.27451e-08,22.7451,43.9654,8e+08,0.8,0.351723,true,true,"none"
staggered,counting,seq,uint64,100000000,8,0,0,0,0,8e+08,0.8,0,false,false,"Counting sort range too large: 4294967232"
staggered,counting,omp,uint64,100000000,8,0,0,0,0,8e+08,0.8,0,false,false,"Counting sort (OMP) range too large: 4294967232"
staggered,bucket,seq,uint64,100000000,8,13933.7,1.39337e-07,139.337,7.17683,8e+08,0.8,0.0574146,true,true,"none"
staggered,bucket,omp,uint64,100000000,8,6798.12,6.79812e-08,67.9812,14.7099,8e+08,0.8,0.11768,true,true,"none"
staggered,pigeonhole,seq,uint64,100000000,8,0,0,0,0,8e+08,0.8,0,false,false,"Pigeonhole sort range too large: 4294967232"
staggered,pigeonhole,omp,uint64,100000000,8,0,0,0,0,8e+08,0.8,0,false,false,"Pigeonhole sort (OMP) range too large: 4294967232"
staggered,bitonic,seq,uint64,100000000,8,261402,2.61402e-06,2614.02,0.382553,8e+08,0.8,0.00306043,true,true,"none"
staggered,bitonic,omp,uint64,100000000,8,48097.5,4.80975e-07,480.975,2.07911,8e+08,0.8,0.0166329,true,true,"none"
staggered,radix,seq,uint64,10000000,8,1157.34,1.15734e-07,115.734,8.64049,8e+07,0.08,0.069124,true,true,"none"
staggered,radix,omp,uint64,10000000,8,220.954,2.20954e-08,22.0954,45.2584,8e+07,0.08,0.362067,true,true,"none"
staggered,counting,seq,uint64,10000000,8,0,0,0,0,8e+07,0.08,0,false,false,"Counting sort range too large: 4294964441"
staggered,counting,omp,uint64,10000000,8,0,0,0,0,8e+07,0.08,0,false,false,"Counting sort (OMP) range too large: 4294964441"
staggered,bucket,seq,uint64,10000000,8,1370.83,1.37083e-07,137.083,7.29484,8e+07,0.08,0.0583587,true,true,"none"
staggered,bucket,omp,uint64,10000000,8,818.147,8.18147e-08,81.8147,12.2227,8e+07,0.08,0.097782,true,true,"none"
staggered,pigeonhole,seq,uint64,10000000,8,0,0,0,0,8e+07,0.08,0,false,false,"Pigeonhole sort range too large: 4294964441"
staggered,pigeonhole,omp,uint64,10000000,8,0,0,0,0,8e+07,0.08,0,false,false,"Pigeonhole sort (OMP) range too large: 4294964441"
staggered,bitonic,seq,uint64,10000000,8,24385.4,2.43854e-06,2438.54,0.410081,8e+07,0.08,0.00328065,true,true,"none"
staggered,bitonic,omp,uint64,10000000,8,4821.51,4.82151e-07,482.151,2.07404,8e+07,0.08,0.0165923,true,true,"none"
staggered,radix,seq,uint64,1000000,8,87.92,8.792e-08,87.92,11.374,8e+06,0.008,0.0909918,true,true,"none"
staggered,radix,omp,uint64,1000000,8,17.564,1.7564e-08,17.564,56.9346,8e+06,0.008,0.455477,true,true,"none"
staggered,counting,seq,uint64,1000000,8,0,0,0,0,8e+06,0.008,0,false,false,"Counting sort range too large: 4294960976"
staggered,counting,omp,uint64,1000000,8,0,0,0,0,8e+06,0.008,0,false,false,"Counting sort (OMP) range too large: 4294960976"
staggered,bucket,seq,uint64,1000000,8,195.889,1.95889e-07,195.889,5.10494,8e+06,0.008,0.0408395,true,true,"none"
staggered,bucket,omp,uint64,1000000,8,166.624,1.66624e-07,166.624,6.00152,8e+06,0.008,0.0480122,true,true,"none"
staggered,pigeonhole,seq,uint64,1000000,8,0,0,0,0,8e+06,0.008,0,false,false,"Pigeonhole sort range too large: 4294960976"
staggered,pigeonhole,omp,uint64,1000000,8,0,0,0,0,8e+06,0.008,0,false,false,"Pigeonhole sort (OMP) range too large: 4294960976"
staggered,bitonic,seq,uint64,1000000,8,1192.71,1.19271e-06,1192.71,0.838427,8e+06,0.008,0.00670742,true,true,"none"
staggered,bitonic,omp,uint64,1000000,8,216.613,2.16613e-07,216.613,4.61652,8e+06,0.008,0.0369322,true,true,"none"
staggered,radix,seq,uint64,100000,8,8.85007,8.85007e-08,88.5007,11.2993,800000,0.0008,0.0903948,true,true,"none"
staggered,radix,omp,uint64,100000,8,3.38014,3.38014e-08,33.8014,29.5846,800000,0.0008,0.236677,true,true,"none"
staggered,counting,seq,uint64,100000,8,0,0,0,0,800000,0.0008,0,false,false,"Counting sort range too large: 4294917840"
staggered,counting,omp,uint64,100000,8,0,0,0,0,800000,0.0008,0,false,false,"Counting sort (OMP) range too large: 4294917840"
staggered,bucket,seq,uint64,100000,8,38.7543,3.87543e-07,387.543,2.58036,800000,0.0008,0.0206428,true,true,"none"
staggered,bucket,omp,uint64,100000,8,38.3955,3.83955e-07,383.955,2.60447,800000,0.0008,0.0208358,true,true,"none"
staggered,pigeonhole,seq,uint64,100000,8,0,0,0,0,800000,0.0008,0,false,false,"Pigeonhole sort range too large: 4294917840"
staggered,pigeonhole,omp,uint64,100000,8,0,0,0,0,800000,0.0008,0,false,false,"Pigeonhole sort (OMP) range too large: 4294917840"
staggered,bitonic,seq,uint64,100000,8,102.564,1.02564e-06,1025.64,0.974998,800000,0.0008,0.00779999,true,true,"none"
staggered,bitonic,omp,uint64,100000,8,20.4718,2.04718e-07,204.718,4.88477,800000,0.0008,0.0390782,true,true,"none"
staggered,radix,seq,uint64,10000,8,1.79803,1.79803e-07,179.803,5.56164,80000,8e-05,0.0444931,true,true,"none"
staggered,radix,omp,uint64,10000,8,1.37707,1.37707e-07,137.707,7.26178,80000,8e-05,0.0580943,true,true,"none"
staggered,counting,seq,uint64,10000,8,0,0,0,0,80000,8e-05,0,false,false,"Counting sort range too large: 4294672120"
staggered,counting,omp,uint64,10000,8,0,0,0,0,80000,8e-05,0,false,false,"Counting sort (OMP) range too large: 4294672120"
staggered,bucket,seq,uint64,10000,8,3.94137,3.94137e-07,394.137,2.53719,80000,8e-05,0.0202975,true,true,"none"
staggered,bucket,omp,uint64,10000,8,4.4506,4.4506e-07,445.06,2.24689,80000,8e-05,0.0179751,true,true,"none"
staggered,pigeonhole,seq,uint64,10000,8,0,0,0,0,80000,8e-05,0,false,false,"Pigeonhole sort range too large: 4294672120"
staggered,pigeonhole,omp,uint64,10000,8,0,0,0,0,80000,8e-05,0,false,false,"Pigeonhole sort (OMP) range too large: 4294672120"
staggered,bitonic,seq,uint64,10000,8,8.72248,8.72248e-07,872.248,1.14646,80000,8e-05,0.0091717,true,true,"none"
staggered,bitonic,omp,uint64,10000,8,3.63012,3.63012e-07,363.012,2.75473,80000,8e-05,0.0220378,true,true,"none"
staggered,radix,seq,uint64,1000,8,0.372478,3.72478e-07,372.478,2.68472,8000,8e-06,0.0214778,true,true,"none"
staggered,radix,omp,uint64,1000,8,0.936065,9.36065e-07,936.065,1.0683,8000,8e-06,0.00854642,true,true,"none"
staggered,counting,seq,uint64,1000,8,0,0,0,0,8000,8e-06,0,false,false,"Counting sort range too large: 4289481712"
staggered,counting,omp,uint64,1000,8,0,0,0,0,8000,8e-06,0,false,false,"Counting sort (OMP) range too large: 4289481712"
staggered,bucket,seq,uint64,1000,8,1.34753,1.34753e-06,1347.53,0.742099,8000,8e-06,0.00593679,true,true,"none"
staggered,bucket,omp,uint64,1000,8,1.1606,1.1606e-06,1160.6,0.861627,8000,8e-06,0.00689302,true,true,"none"
staggered,pigeonhole,seq,uint64,1000,8,0,0,0,0,8000,8e-06,0,false,false,"Pigeonhole sort range too large: 4289481712"
staggered,pigeonhole,omp,uint64,1000,8,0,0,0,0,8000,8e-06,0,false,false,"Pigeonhole sort (OMP) range too large: 4289481712"
staggered,bitonic,seq,uint64,1000,8,0.852059,8.52059e-07,852.059,1.17363,8000,8e-06,0.00938902,true,true,"none"
staggered,bitonic,omp,uint64,1000,8,0.599719,5.99719e-07,599.719,1.66745,8000,8e-06,0.0133396,true,true,"none"
staggered,radix,seq,uint64,100,8,0.06353,6.353e-07,635.3,1.57406,800,8e-07,0.0125925,true,true,"none"
staggered,radix,omp,uint64,100,8,0.829624,8.29624e-06,8296.24,0.120537,800,8e-07,0.000964292,true,true,"none"
staggered,counting,seq,uint64,100,8,0,0,0,0,800,8e-07,0,false,false,"Counting sort range too large: 4235034059"
staggered,counting,omp,uint64,100,8,0,0,0,0,800,8e-07,0,false,false,"Counting sort (OMP) range too large: 4235034059"
staggered,bucket,seq,uint64,100,8,0.191936,1.91936e-06,1919.36,0.521007,800,8e-07,0.00416806,true,true,"none"
staggered,bucket,omp,uint64,100,8,0.194565,1.94565e-06,1945.65,0.513967,800,8e-07,0.00411174,true,true,"none"
staggered,pigeonhole,seq,uint64,100,8,0,0,0,0,800,8e-07,0,false,false,"Pigeonhole sort range too large: 4235034059"
staggered,pigeonhole,omp,uint64,100,8,0,0,0,0,800,8e-07,0,false,false,"Pigeonhole sort (OMP) range too large: 4235034059"
staggered,bitonic,seq,uint64,100,8,0.107065,1.07065e-06,1070.65,0.934012,800,8e-07,0.0074721,true,true,"none"
staggered,bitonic,omp,uint64,100,8,0.164839,1.64839e-06,1648.39,0.606653,800,8e-07,0.00485322,true,true,"none"
uniform_counting_limit,radix,seq,uint64,100000000,8,11151.1,1.11511e-07,111.511,8.96774,8e+08,0.8,0.0717419,true,true,"none"
uniform_counting_limit,radix,omp,uint64,100000000,8,2066.99,2.06699e-08,20.6699,48.3796,8e+08,0.8,0.387037,true,true,"none"
uniform_counting_limit,counting,seq,uint64,100000000,8,8673.55,8.67355e-08,86.7355,11.5293,8e+08,0.8,0.0922345,true,true,"none"
uniform_counting_limit,counting,omp,uint64,100000000,8,8281.34,8.28134e-08,82.8134,12.0753,8e+08,0.8,0.0966028,true,true,"none"
uniform_counting_limit,bucket,seq,uint64,100000000,8,26253.3,2.62533e-07,262.533,3.80904,8e+08,0.8,0.0304723,true,true,"none"
uniform_counting_limit,bucket,omp,uint64,100000000,8,13047.1,1.30471e-07,130.471,7.66455,8e+08,0.8,0.0613164,true,true,"none"
uniform_counting_limit,pigeonhole,seq,uint64,100000000,8,0,0,0,0,8e+08,0.8,0,false,false,"Pigeonhole sort range too large: 100000000"
uniform_counting_limit,pigeonhole,omp,uint64,100000000,8,0,0,0,0,8e+08,0.8,0,false,false,"Pigeonhole sort (OMP) range too large: 100000000"
uniform_counting_limit,bitonic,seq,uint64,100000000,8,284577,2.84577e-06,2845.77,0.351399,8e+08,0.8,0.00281119,true,true,"none"
uniform_counting_limit,bitonic,omp,uint64,100000000,8,51376.6,5.13766e-07,513.766,1.94641,8e+08,0.8,0.0155713,true,true,"none"
uniform_counting_limit,radix,seq,uint64,10000000,8,1097.24,1.09724e-07,109.724,9.11374,8e+07,0.08,0.0729099,true,true,"none"
uniform_counting_limit,radix,omp,uint64,10000000,8,206.363,2.06363e-08,20.6363,48.4584,8e+07,0.08,0.387667,true,true,"none"
uniform_counting_limit,counting,seq,uint64,10000000,8,1452.57,1.45257e-07,145.257,6.88434,8e+07,0.08,0.0550747,true,true,"none"
uniform_counting_limit,counting,omp,uint64,10000000,8,6048.44,6.04844e-07,604.844,1.65332,8e+07,0.08,0.0132266,true,true,"none"
uniform_counting_limit,bucket,seq,uint64,10000000,8,2406.32,2.40632e-07,240.632,4.15573,8e+07,0.08,0.0332458,true,true,"none"
uniform_counting_limit,bucket,omp,uint64,10000000,8,1392.19,1.39219e-07,139.219,7.18291,8e+07,0.08,0.0574633,true,true,"none"
uniform_counting_limit,pigeonhole,seq,uint64,10000000,8,0,0,0,0,8e+07,0.08,0,false,false,"Pigeonhole sort range too large: 99999989"
uniform_counting_limit,pigeonhole,omp,uint64,10000000,8,0,0,0,0,8e+07,0.08,0,false,false,"Pigeonhole sort (OMP) range too large: 99999989"
uniform_counting_limit,bitonic,seq,uint64,10000000,8,26544.9,2.65449e-06,2654.49,0.37672,8e+07,0.08,0.00301376,true,true,"none"
uniform_counting_limit,bitonic,omp,uint64,10000000,8,5204.13,5.20413e-07,520.413,1.92155,8e+07,0.08,0.0153724,true,true,"none"
uniform_counting_limit,radix,seq,uint64,1000000,8,86.6208,8.66208e-08,86.6208,11.5446,8e+06,0.008,0.0923566,true,true,"none"
uniform_counting_limit,radix,omp,uint64,1000000,8,17.269,1.7269e-08,17.269,57.9072,8e+06,0.008,0.463258,true,true,"none"
uniform_counting_limit,counting,seq,uint64,1000000,8,690.56,6.9056e-07,690.56,1.4481,8e+06,0.008,0.0115848,true,true,"none"
uniform_counting_limit,counting,omp,uint64,1000000,8,5935.43,5.93543e-06,5935.43,0.16848,8e+06,0.008,0.00134784,true,true,"none"
uniform_counting_limit,bucket,seq,uint64,1000000,8,254.938,2.54938e-07,254.938,3.92252,8e+06,0.008,0.0313801,true,true,"none"
uniform_counting_limit,bucket,omp,uint64,1000000,8,219.037,2.19037e-07,219.037,4.56544,8e+06,0.008,0.0365235,true,true,"none"
uniform_counting_limit,pigeonhole,seq,uint64,1000000,8,0,0,0,0,8e+06,0.008,0,false,false,"Pigeonhole sort range too large: 99999891"
uniform_counting_limit,pigeonhole,omp,uint64,1000000,8,0,0,0,0,8e+06,0.008,0,false,false,"Pigeonhole sort (OMP) range too large: 99999891"
uniform_counting_limit,bitonic,seq,uint64,1000000,8,1358.5,1.3585e-06,1358.5,0.736104,8e+06,0.008,0.00588883,true,true,"none"
uniform_counting_limit,bitonic,omp,uint64,1000000,8,234.618,2.34618e-07,234.618,4.26224,8e+06,0.008,0.0340979,true,true,"none"
uniform_counting_limit,radix,seq,uint64,100000,8,8.72174,8.72174e-08,87.2174,11.4656,800000,0.0008,0.0917248,true,true,"none"
uniform_counting_limit,radix,omp,uint64,100000,8,2.81527,2.81527e-08,28.1527,35.5205,800000,0.0008,0.284164,true,true,"none"
uniform_counting_limit,counting,seq,uint64,100000,8,613.085,6.13085e-06,6130.85,0.16311,800000,0.0008,0.00130488,true,true,"none"
uniform_counting_limit,counting,omp,uint64,100000,8,5546.75,5.54675e-05,55467.5,0.0180286,800000,0.0008,0.000144229,true,true,"none"
uniform_counting_limit,bucket,seq,uint64,100000,8,43.5197,4.35197e-07,435.197,2.29781,800000,0.0008,0.0183825,true,true,"none"
uniform_counting_limit,bucket,omp,uint64,100000,8,43.8959,4.38959e-07,438.959,2.27812,800000,0.0008,0.018225,true,true,"none"
uniform_counting_limit,pigeonhole,seq,uint64,100000,8,0,0,0,0,800000,0.0008,0,false,false,"Pigeonhole sort range too large: 99996356"
uniform_counting_limit,pigeonhole,omp,uint64,100000,8,0,0,0,0,800000,0.0008,0,false,false,"Pigeonhole sort (OMP) range too large: 99996356"
uniform_counting_limit,bitonic,seq,uint64,100000,8,115.921,1.15921e-06,1159.21,0.862655,800000,0.0008,0.00690124,true,true,"none"
uniform_counting_limit,bitonic,omp,uint64,100000,8,21.6018,2.16018e-07,216.018,4.62923,800000,0.0008,0.0370339,true,true,"none"
uniform_counting_limit,radix,seq,uint64,10000,8,1.53961,1.53961e-07,153.961,6.49516,80000,8e-05,0.0519612,true,true,"none"
uniform_counting_limit,radix,omp,uint64,10000,8,1.19704,1.19704e-07,119.704,8.35394,80000,8e-05,0.0668315,true,true,"none"
uniform_counting_limit,counting,seq,uint64,10000,8,606.963,6.06963e-05,60696.3,0.0164755,80000,8e-05,0.000131804,true,true,"none"
uniform_counting_limit,counting,omp,uint64,10000,8,5365.65,0.000536565,536565,0.00186371,80000,8e-05,1.49097e-05,true,true,"none"
uniform_counting_limit,bucket,seq,uint64,10000,8,3.96375,3.96375e-07,396.375,2.52287,80000,8e-05,0.0201829,true,true,"none"
uniform_counting_limit,bucket,omp,uint64,10000,8,4.39982,4.39982e-07,439.982,2.27282,80000,8e-05,0.0181826,true,true,"none"
uniform_counting_limit,pigeonhole,seq,uint64,10000,8,0,0,0,0,80000,8e-05,0,false,false,"Pigeonhole sort range too large: 99990883"
uniform_counting_limit,pigeonhole,omp,uint64,10000,8,0,0,0,0,80000,8e-05,0,false,false,"Pigeonhole sort (OMP) range too large: 99990883"
uniform_counting_limit,bitonic,seq,uint64,10000,8,9.51354,9.51354e-07,951.354,1.05113,80000,8e-05,0.00840907,true,true,"none"
uniform_counting_limit,bitonic,omp,uint64,10000,8,2.59026,2.59026e-07,259.026,3.86061,80000,8e-05,0.0308849,true,true,"none"
uniform_counting_limit,radix,seq,uint64,1000,8,0.278449,2.78449e-07,278.449,3.59132,8000,8e-06,0.0287306,true,true,"none"
uniform_counting_limit,radix,omp,uint64,1000,8,0.810863,8.10863e-07,810.863,1.23325,8000,8e-06,0.00986603,true,true,"none"
uniform_counting_limit,counting,seq,uint64,1000,8,604.332,0.000604332,604332,0.00165472,8000,8e-06,1.32378e-05,true,true,"none"
uniform_counting_limit,counting,omp,uint64,1000,8,5389.49,0.00538949,5.38949e+06,0.000185546,8000,8e-06,1.48437e-06,true,true,"none"
uniform_counting_limit,bucket,seq,uint64,1000,8,1.50644,1.50644e-06,1506.44,0.663816,8000,8e-06,0.00531053,true,true,"none"
uniform_counting_limit,bucket,omp,uint64,1000,8,0.900617,9.00617e-07,900.617,1.11035,8000,8e-06,0.0088828,true,true,"none"
uniform_counting_limit,pigeonhole,seq,uint64,1000,8,0,0,0,0,8000,8e-06,0,false,false,"Pigeonhole sort range too large: 99967556"
uniform_counting_limit,pigeonhole,omp,uint64,1000,8,0,0,0,0,8000,8e-06,0,false,false,"Pigeonhole sort (OMP) range too large: 99967556"
uniform_counting_limit,bitonic,seq,uint64,1000,8,1.32673,1.32673e-06,1326.73,0.753732,8000,8e-06,0.00602986,true,true,"none"
uniform_counting_limit,bitonic,omp,uint64,1000,8,0.595468,5.95468e-07,595.468,1.67935,8000,8e-06,0.0134348,true,true,"none"
uniform_counting_limit,radix,seq,uint64,100,8,0.049884,4.9884e-07,498.84,2.00465,800,8e-07,0.0160372,true,true,"none"
uniform_counting_limit,radix,omp,uint64,100,8,0.749827,7.49827e-06,7498.27,0.133364,800,8e-07,0.00106691,true,true,"none"
uniform_counting_limit,counting,seq,uint64,100,8,602.267,0.00602267,6.02267e+06,0.000166039,800,8e-07,1.32831e-06,true,true,"none"
uniform_counting_limit,counting,omp,uint64,100,8,5334.06,0.0533406,5.33406e+07,1.87475e-05,800,8e-07,1.4998e-07,true,true,"none"
uniform_counting_limit,bucket,seq,uint64,100,8,0.15604,1.5604e-06,1560.4,0.640861,800,8e-07,0.00512689,true,true,"none"
uniform_counting_limit,bucket,omp,uint64,100,8,0.135353,1.35353e-06,1353.53,0.738809,800,8e-07,0.00591047,true,true,"none"
uniform_counting_limit,pigeonhole,seq,uint64,100,8,0,0,0,0,800,8e-07,0,false,false,"Pigeonhole sort range too large: 99223457"
uniform_counting_limit,pigeonhole,omp,uint64,100,8,0,0,0,0,800,8e-07,0,false,false,"Pigeonhole sort (OMP) range too large: 99223457"
uniform_counting_limit,bitonic,seq,uint64,100,8,0.130601,1.30601e-06,1306.01,0.765691,800,8e-07,0.00612553,true,true,"none"
uniform_counting_limit,bitonic,omp,uint64,100,8,0.179984,1.79984e-06,1799.84,0.555605,800,8e-07,0.00444484,true,true,"none"
uniform,radix,seq,uint64,100000000,8,11950.9,1.19509e-07,119.509,8.36759,8e+08,0.8,0.0669407,true,true,"none"
uniform,radix,omp,uint64,100000000,8,2271.21,2.27121e-08,22.7121,44.0293,8e+08,0.8,0.352235,true,true,"none"
uniform,counting,seq,uint64,100000000,8,0,0,0,0,8e+08,0.8,0,false,false,"Counting sort range too large: 4294967254"
uniform,counting,omp,uint64,100000000,8,0,0,0,0,8e+08,0.8,0,false,false,"Counting sort (OMP) range too large: 4294967254"
uniform,bucket,seq,uint64,100000000,8,26564.2,2.65642e-07,265.642,3.76446,8e+08,0.8,0.0301157,true,true,"none"
uniform,bucket,omp,uint64,100000000,8,12911,1.2911e-07,129.11,7.74535,8e+08,0.8,0.0619628,true,true,"none"
uniform,pigeonhole,seq,uint64,100000000,8,0,0,0,0,8e+08,0.8,0,false,false,"Pigeonhole sort range too large: 4294967254"
uniform,pigeonhole,omp,uint64,100000000,8,0,0,0,0,8e+08,0.8,0,false,false,"Pigeonhole sort (OMP) range too large: 4294967254"
uniform,bitonic,seq,uint64,100000000,8,284133,2.84133e-06,2841.33,0.351948,8e+08,0.8,0.00281558,true,true,"none"
uniform,bitonic,omp,uint64,100000000,8,51390.1,5.13901e-07,513.901,1.9459,8e+08,0.8,0.0155672,true,true,"none"
uniform,radix,seq,uint64,10000000,8,1165.66,1.16566e-07,116.566,8.57884,8e+07,0.08,0.0686307,true,true,"none"
uniform,radix,omp,uint64,10000000,8,223.465,2.23465e-08,22.3465,44.7497,8e+07,0.08,0.357998,true,true,"none"
uniform,counting,seq,uint64,10000000,8,0,0,0,0,8e+07,0.08,0,false,false,"Counting sort range too large: 4294966326"
uniform,counting,omp,uint64,10000000,8,0,0,0,0,8e+07,0.08,0,false,false,"Counting sort (OMP) range too large: 4294966326"
uniform,bucket,seq,uint64,10000000,8,2330.52,2.33052e-07,233.052,4.2909,8e+07,0.08,0.0343272,true,true,"none"
uniform,bucket,omp,uint64,10000000,8,1382.54,1.38254e-07,138.254,7.23305,8e+07,0.08,0.0578644,true,true,"none"
uniform,pigeonhole,seq,uint64,10000000,8,0,0,0,0,8e+07,0.08,0,false,false,"Pigeonhole sort range too large: 4294966326"
uniform,pigeonhole,omp,uint64,10000000,8,0,0,0,0,8e+07,0.08,0,false,false,"Pigeonhole sort (OMP) range too large: 4294966326"
uniform,bitonic,seq,uint64,10000000,8,26555.6,2.65556e-06,2655.56,0.376569,8e+07,0.08,0.00301255,true,true,"none"
uniform,bitonic,omp,uint64,10000000,8,5214.01,5.21401e-07,521.401,1.91791,8e+07,0.08,0.0153433,true,true,"none"
uniform,radix,seq,uint64,1000000,8,89.1555,8.91555e-08,89.1555,11.2164,8e+06,0.008,0.0897308,true,true,"none"
uniform,radix,omp,uint64,1000000,8,18.2695,1.82695e-08,18.2695,54.736,8e+06,0.008,0.437888,true,true,"none"
uniform,counting,seq,uint64,1000000,8,0,0,0,0,8e+06,0.008,0,false,false,"Counting sort range too large: 4294954775"
uniform,counting,omp,uint64,1000000,8,0,0,0,0,8e+06,0.008,0,false,false,"Counting sort (OMP) range too large: 4294954775"
uniform,bucket,seq,uint64,1000000,8,262.818,2.62818e-07,262.818,3.80491,8e+06,0.008,0.0304393,true,true,"none"
uniform,bucket,omp,uint64,1000000,8,212.439,2.12439e-07,212.439,4.70723,8e+06,0.008,0.0376578,true,true,"none"
uniform,pigeonhole,seq,uint64,1000000,8,0,0,0,0,8e+06,0.008,0,false,false,"Pigeonhole sort range too large: 4294954775"
uniform,pigeonhole,omp,uint64,1000000,8,0,0,0,0,8e+06,0.008,0,false,false,"Pigeonhole sort (OMP) range too large: 4294954775"
uniform,bitonic,seq,uint64,1000000,8,1354.48,1.35448e-06,1354.48,0.73829,8e+06,0.008,0.00590632,true,true,"none"
uniform,bitonic,omp,uint64,1000000,8,233.146,2.33146e-07,233.146,4.28916,8e+06,0.008,0.0343133,true,true,"none"
uniform,radix,seq,uint64,100000,8,8.95631,8.95631e-08,89.5631,11.1653,800000,0.0008,0.0893225,true,true,"none"
uniform,radix,omp,uint64,100000,8,3.41301,3.41301e-08,34.1301,29.2997,800000,0.0008,0.234397,true,true,"none"
uniform,counting,seq,uint64,100000,8,0,0,0,0,800000,0.0008,0,false,false,"Counting sort range too large: 4294831263"
uniform,counting,omp,uint64,100000,8,0,0,0,0,800000,0.0008,0,false,false,"Counting sort (OMP) range too large: 4294831263"
uniform,bucket,seq,uint64,100000,8,43.285,4.3285e-07,432.85,2.31027,800000,0.0008,0.0184822,true,true,"none"
uniform,bucket,omp,uint64,100000,8,43.6142,4.36142e-07,436.142,2.29283,800000,0.0008,0.0183426,true,true,"none"
uniform,pigeonhole,seq,uint64,100000,8,0,0,0,0,800000,0.0008,0,false,false,"Pigeonhole sort range too large: 4294831263"
uniform,pigeonhole,omp,uint64,100000,8,0,0,0,0,800000,0.0008,0,false,false,"Pigeonhole sort (OMP) range too large: 4294831263"
uniform,bitonic,seq,uint64,100000,8,115.514,1.15514e-06,1155.14,0.865695,800000,0.0008,0.00692556,true,true,"none"
uniform,bitonic,omp,uint64,100000,8,22.1775,2.21775e-07,221.775,4.50908,800000,0.0008,0.0360727,true,true,"none"
uniform,radix,seq,uint64,10000,8,2.01988,2.01988e-07,201.988,4.9508,80000,8e-05,0.0396064,true,true,"none"
uniform,radix,omp,uint64,10000,8,1.28824,1.28824e-07,128.824,7.76255,80000,8e-05,0.0621004,true,true,"none"
uniform,counting,seq,uint64,10000,8,0,0,0,0,80000,8e-05,0,false,false,"Counting sort range too large: 4293704743"
uniform,counting,omp,uint64,10000,8,0,0,0,0,80000,8e-05,0,false,false,"Counting sort (OMP) range too large: 4293704743"
uniform,bucket,seq,uint64,10000,8,3.93896,3.93896e-07,393.896,2.53874,80000,8e-05,0.0203099,true,true,"none"
uniform,bucket,omp,uint64,10000,8,4.26175,4.26175e-07,426.175,2.34645,80000,8e-05,0.0187716,true,true,"none"
uniform,pigeonhole,seq,uint64,10000,8,0,0,0,0,80000,8e-05,0,false,false,"Pigeonhole sort range too large: 4293704743"
uniform,pigeonhole,omp,uint64,10000,8,0,0,0,0,80000,8e-05,0,false,false,"Pigeonhole sort (OMP) range too large: 4293704743"
uniform,bitonic,seq,uint64,10000,8,9.55994,9.55994e-07,955.994,1.04603,80000,8e-05,0.00836825,true,true,"none"
uniform,bitonic,omp,uint64,10000,8,2.72268,2.72268e-07,272.268,3.67286,80000,8e-05,0.0293829,true,true,"none"
uniform,radix,seq,uint64,1000,8,0.303509,3.03509e-07,303.509,3.2948,8000,8e-06,0.0263584,true,true,"none"
uniform,radix,omp,uint64,1000,8,0.680384,6.80384e-07,680.384,1.46976,8000,8e-06,0.0117581,true,true,"none"
uniform,counting,seq,uint64,1000,8,0,0,0,0,8000,8e-06,0,false,false,"Counting sort range too large: 4283027776"
uniform,counting,omp,uint64,1000,8,0,0,0,0,8000,8e-06,0,false,false,"Counting sort (OMP) range too large: 4283027776"
uniform,bucket,seq,uint64,1000,8,0.994311,9.94311e-07,994.311,1.00572,8000,8e-06,0.00804577,true,true,"none"
uniform,bucket,omp,uint64,1000,8,0.908611,9.08611e-07,908.611,1.10058,8000,8e-06,0.00880465,true,true,"none"
uniform,pigeonhole,seq,uint64,1000,8,0,0,0,0,8000,8e-06,0,false,false,"Pigeonhole sort range too large: 4283027776"
uniform,pigeonhole,omp,uint64,1000,8,0,0,0,0,8000,8e-06,0,false,false,"Pigeonhole sort (OMP) range too large: 4283027776"
uniform,bitonic,seq,uint64,1000,8,0.942879,9.42879e-07,942.879,1.06058,8000,8e-06,0.00848465,true,true,"none"
uniform,bitonic,omp,uint64,1000,8,0.628842,6.28842e-07,628.842,1.59022,8000,8e-06,0.0127218,true,true,"none"
uniform,radix,seq,uint64,100,8,0.062725,6.2725e-07,627.25,1.59426,800,8e-07,0.0127541,true,true,"none"
uniform,radix,omp,uint64,100,8,0.920048,9.20048e-06,9200.48,0.10869,800,8e-07,0.00086952,true,true,"none"
uniform,counting,seq,uint64,100,8,0,0,0,0,800,8e-07,0,false,false,"Counting sort range too large: 4258171451"
uniform,counting,omp,uint64,100,8,0,0,0,0,800,8e-07,0,false,false,"Counting sort (OMP) range too large: 4258171451"
uniform,bucket,seq,uint64,100,8,0.194571,1.94571e-06,1945.71,0.513951,800,8e-07,0.00411161,true,true,"none"
uniform,bucket,omp,uint64,100,8,0.15143,1.5143e-06,1514.3,0.660371,800,8e-07,0.00528297,true,true,"none"
uniform,pigeonhole,seq,uint64,100,8,0,0,0,0,800,8e-07,0,false,false,"Pigeonhole sort range too large: 4258171451"
uniform,pigeonhole,omp,uint64,100,8,0,0,0,0,800,8e-07,0,false,false,"Pigeonhole sort (OMP) range too large: 4258171451"
uniform,bitonic,seq,uint64,100,8,0.131343,1.31343e-06,1313.43,0.761365,800,8e-07,0.00609092,true,true,"none"
uniform,bitonic,omp,uint64,100,8,0.19011,1.9011e-06,1901.1,0.526011,800,8e-07,0.00420809,true,true,"none"
uniform_pigeonhole_limit,radix,seq,uint64,100000000,8,10422.7,1.04227e-07,104.227,9.59446,8e+08,0.8,0.0767557,true,true,"none"
uniform_pigeonhole_limit,radix,omp,uint64,100000000,8,1865.08,1.86508e-08,18.6508,53.617,8e+08,0.8,0.428936,true,true,"none"
uniform_pigeonhole_limit,counting,seq,uint64,100000000,8,3766.54,3.76654e-08,37.6654,26.5495,8e+08,0.8,0.212396,true,true,"none"
uniform_pigeonhole_limit,counting,omp,uint64,100000000,8,2189.08,2.18908e-08,21.8908,45.6812,8e+08,0.8,0.36545,true,true,"none"
uniform_pigeonhole_limit,bucket,seq,uint64,100000000,8,22682.6,2.26826e-07,226.826,4.40866,8e+08,0.8,0.0352693,true,true,"none"
uniform_pigeonhole_limit,bucket,omp,uint64,100000000,8,12576.3,1.25763e-07,125.763,7.95144,8e+08,0.8,0.0636115,true,true,"none"
uniform_pigeonhole_limit,pigeonhole,seq,uint64,100000000,8,17625.5,1.76255e-07,176.255,5.67359,8e+08,0.8,0.0453888,true,true,"none"
uniform_pigeonhole_limit,pigeonhole,omp,uint64,100000000,8,16707.2,1.67072e-07,167.072,5.98546,8e+08,0.8,0.0478837,true,true,"none"
uniform_pigeonhole_limit,bitonic,seq,uint64,100000000,8,278789,2.78789e-06,2787.89,0.358694,8e+08,0.8,0.00286955,true,true,"none"
uniform_pigeonhole_limit,bitonic,omp,uint64,100000000,8,49964.5,4.99645e-07,499.645,2.00142,8e+08,0.8,0.0160114,true,true,"none"
uniform_pigeonhole_limit,radix,seq,uint64,10000000,8,1025.11,1.02511e-07,102.511,9.75504,8e+07,0.08,0.0780404,true,true,"none"
uniform_pigeonhole_limit,radix,omp,uint64,10000000,8,186.587,1.86587e-08,18.6587,53.5944,8e+07,0.08,0.428756,true,true,"none"
uniform_pigeonhole_limit,counting,seq,uint64,10000000,8,389.072,3.89072e-08,38.9072,25.7022,8e+07,0.08,0.205617,true,true,"none"
uniform_pigeonhole_limit,counting,omp,uint64,10000000,8,278.142,2.78142e-08,27.8142,35.9529,8e+07,0.08,0.287623,true,true,"none"
uniform_pigeonhole_limit,bucket,seq,uint64,10000000,8,2172.87,2.17287e-07,217.287,4.60221,8e+07,0.08,0.0368177,true,true,"none"
uniform_pigeonhole_limit,bucket,omp,uint64,10000000,8,1378.31,1.37831e-07,137.831,7.25524,8e+07,0.08,0.0580419,true,true,"none"
uniform_pigeonhole_limit,pigeonhole,seq,uint64,10000000,8,3172.43,3.17243e-07,317.243,3.15216,8e+07,0.08,0.0252173,true,true,"none"
uniform_pigeonhole_limit,pigeonhole,omp,uint64,10000000,8,2975.78,2.97578e-07,297.578,3.36046,8e+07,0.08,0.0268837,true,true,"none"
uniform_pigeonhole_limit,bitonic,seq,uint64,10000000,8,26346.2,2.63462e-06,2634.62,0.379561,8e+07,0.08,0.00303649,true,true,"none"
uniform_pigeonhole_limit,bitonic,omp,uint64,10000000,8,5166.32,5.16632e-07,516.632,1.93561,8e+07,0.08,0.0154849,true,true,"none"
uniform_pigeonhole_limit,radix,seq,uint64,1000000,8,85.6381,8.56381e-08,85.6381,11.677,8e+06,0.008,0.0934164,true,true,"none"
uniform_pigeonhole_limit,radix,omp,uint64,1000000,8,18.9205,1.89205e-08,18.9205,52.8527,8e+06,0.008,0.422822,true,true,"none"
uniform_pigeonhole_limit,counting,seq,uint64,1000000,8,49.6358,4.96358e-08,49.6358,20.1468,8e+06,0.008,0.161174,true,true,"none"
uniform_pigeonhole_limit,counting,omp,uint64,1000000,8,84.998,8.4998e-08,84.998,11.765,8e+06,0.008,0.0941198,true,true,"none"
uniform_pigeonhole_limit,bucket,seq,uint64,1000000,8,259.843,2.59843e-07,259.843,3.84847,8e+06,0.008,0.0307878,true,true,"none"
uniform_pigeonhole_limit,bucket,omp,uint64,1000000,8,221.769,2.21769e-07,221.769,4.50919,8e+06,0.008,0.0360735,true,true,"none"
uniform_pigeonhole_limit,pigeonhole,seq,uint64,1000000,8,485.509,4.85509e-07,485.509,2.05969,8e+06,0.008,0.0164775,true,true,"none"
uniform_pigeonhole_limit,pigeonhole,omp,uint64,1000000,8,456.412,4.56412e-07,456.412,2.191,8e+06,0.008,0.017528,true,true,"none"
uniform_pigeonhole_limit,bitonic,seq,uint64,1000000,8,1352.41,1.35241e-06,1352.41,0.739422,8e+06,0.008,0.00591538,true,true,"none"
uniform_pigeonhole_limit,bitonic,omp,uint64,1000000,8,232.905,2.32905e-07,232.905,4.29359,8e+06,0.008,0.0343487,true,true,"none"
uniform_pigeonhole_limit,radix,seq,uint64,100000,8,9.23057,9.23057e-08,92.3057,10.8336,800000,0.0008,0.0866685,true,true,"none"
uniform_pigeonhole_limit,radix,omp,uint64,100000,8,2.33064,2.33064e-08,23.3064,42.9067,800000,0.0008,0.343254,true,true,"none"
uniform_pigeonhole_limit,counting,seq,uint64,100000,8,9.41366,9.41366e-08,94.1366,10.6229,800000,0.0008,0.0849829,true,true,"none"
uniform_pigeonhole_limit,counting,omp,uint64,100000,8,56.1254,5.61254e-07,561.254,1.78172,800000,0.0008,0.0142538,true,true,"none"
uniform_pigeonhole_limit,bucket,seq,uint64,100000,8,43.487,4.3487e-07,434.87,2.29954,800000,0.0008,0.0183963,true,true,"none"
uniform_pigeonhole_limit,bucket,omp,uint64,100000,8,43.7171,4.37171e-07,437.171,2.28744,800000,0.0008,0.0182995,true,true,"none"
uniform_pigeonhole_limit,pigeonhole,seq,uint64,100000,8,93.071,9.3071e-07,930.71,1.07445,800000,0.0008,0.00859559,true,true,"none"
uniform_pigeonhole_limit,pigeonhole,omp,uint64,100000,8,88.4235,8.84235e-07,884.235,1.13092,800000,0.0008,0.00904737,true,true,"none"
uniform_pigeonhole_limit,bitonic,seq,uint64,100000,8,116.539,1.16539e-06,1165.39,0.85808,800000,0.0008,0.00686464,true,true,"none"
uniform_pigeonhole_limit,bitonic,omp,uint64,100000,8,22.3365,2.23365e-07,223.365,4.47698,800000,0.0008,0.0358159,true,true,"none"
uniform_pigeonhole_limit,radix,seq,uint64,10000,8,1.28214,1.28214e-07,128.214,7.79945,80000,8e-05,0.0623956,true,true,"none"
uniform_pigeonhole_limit,radix,omp,uint64,10000,8,1.07464,1.07464e-07,107.464,9.30546,80000,8e-05,0.0744437,true,true,"none"
uniform_pigeonhole_limit,counting,seq,uint64,10000,8,5.34304,5.34304e-07,534.304,1.87159,80000,8e-05,0.0149727,true,true,"none"
uniform_pigeonhole_limit,counting,omp,uint64,10000,8,52.4457,5.24457e-06,5244.57,0.190674,80000,8e-05,0.00152539,true,true,"none"
uniform_pigeonhole_limit,bucket,seq,uint64,10000,8,4.1131,4.1131e-07,411.31,2.43126,80000,8e-05,0.0194501,true,true,"none"
uniform_pigeonhole_limit,bucket,omp,uint64,10000,8,4.91638,4.91638e-07,491.638,2.03402,80000,8e-05,0.0162721,true,true,"none"
uniform_pigeonhole_limit,pigeonhole,seq,uint64,10000,8,61.82,6.182e-06,6182,0.16176,80000,8e-05,0.00129408,true,true,"none"
uniform_pigeonhole_limit,pigeonhole,omp,uint64,10000,8,54.5449,5.45449e-06,5454.49,0.183335,80000,8e-05,0.00146668,true,true,"none"
uniform_pigeonhole_limit,bitonic,seq,uint64,10000,8,9.50188,9.50188e-07,950.188,1.05242,80000,8e-05,0.00841938,true,true,"none"
uniform_pigeonhole_limit,bitonic,omp,uint64,10000,8,3.91308,3.91308e-07,391.308,2.55553,80000,8e-05,0.0204442,true,true,"none"
uniform_pigeonhole_limit,radix,seq,uint64,1000,8,0.099499,9.9499e-08,99.499,10.0504,8000,8e-06,0.0804028,true,true,"none"
uniform_pigeonhole_limit,radix,omp,uint64,1000,8,0.797217,7.97217e-07,797.217,1.25436,8000,8e-06,0.0100349,true,true,"none"
uniform_pigeonhole_limit,counting,seq,uint64,1000,8,4.75048,4.75048e-06,4750.48,0.210505,8000,8e-06,0.00168404,true,true,"none"
uniform_pigeonhole_limit,counting,omp,uint64,1000,8,53.5891,5.35891e-05,53589.1,0.0186605,8000,8e-06,0.000149284,true,true,"none"
uniform_pigeonhole_limit,bucket,seq,uint64,1000,8,0.883049,8.83049e-07,883.049,1.13244,8000,8e-06,0.00905952,true,true,"none"
uniform_pigeonhole_limit,bucket,omp,uint64,1000,8,1.07888,1.07888e-06,1078.88,0.926884,8000,8e-06,0.00741507,true,true,"none"
uniform_pigeonhole_limit,pigeonhole,seq,uint64,1000,8,58.8166,5.88166e-05,58816.6,0.017002,8000,8e-06,0.000136016,true,true,"none"
uniform_pigeonhole_limit,pigeonhole,omp,uint64,1000,8,51.8604,5.18604e-05,51860.4,0.0192825,8000,8e-06,0.00015426,true,true,"none"
uniform_pigeonhole_limit,bitonic,seq,uint64,1000,8,0.881339,8.81339e-07,881.339,1.13464,8000,8e-06,0.0090771,true,true,"none"
uniform_pigeonhole_limit,bitonic,omp,uint64,1000,8,0.546435,5.46435e-07,546.435,1.83004,8000,8e-06,0.0146404,true,true,"none"
uniform_pigeonhole_limit,radix,seq,uint64,100,8,0.062905,6.2905e-07,629.05,1.5897,800,8e-07,0.0127176,true,true,"none"
uniform_pigeonhole_limit,radix,omp,uint64,100,8,0.559957,5.59957e-06,5599.57,0.178585,800,8e-07,0.00142868,true,true,"none"
uniform_pigeonhole_limit,counting,seq,uint64,100,8,4.64014,4.64014e-05,46401.4,0.0215511,800,8e-07,0.000172409,true,true,"none"
uniform_pigeonhole_limit,counting,omp,uint64,100,8,50.8737,0.000508737,508737,0.00196565,800,8e-07,1.57252e-05,true,true,"none"
uniform_pigeonhole_limit,bucket,seq,uint64,100,8,0.104987,1.04987e-06,1049.87,0.952499,800,8e-07,0.00761999,true,true,"none"
uniform_pigeonhole_limit,bucket,omp,uint64,100,8,0.157595,1.57595e-06,1575.95,0.634538,800,8e-07,0.0050763,true,true,"none"
uniform_pigeonhole_limit,pigeonhole,seq,uint64,100,8,55.9106,0.000559106,559106,0.00178857,800,8e-07,1.43086e-05,true,true,"none"
uniform_pigeonhole_limit,pigeonhole,omp,uint64,100,8,50.0946,0.000500946,500946,0.00199622,800,8e-07,1.59698e-05,true,true,"none"
uniform_pigeonhole_limit,bitonic,seq,uint64,100,8,0.130416,1.30416e-06,1304.16,0.766777,800,8e-07,0.00613422,true,true,"none"
uniform_pigeonhole_limit,bitonic,omp,uint64,100,8,0.146393,1.46393e-06,1463.93,0.683093,800,8e-07,0.00546474,true,true,"none"
